{ 
"text": ".",
"children": [{
    "text":"Configuration",
    "expanded": false,
    "children":[	{
        "text":"Create",
        "id":"Create",
        "leaf":true
    },{
        "text":"View",
        "id":"View",
        "leaf":true
    },{
        "text":"Edit",
        "id":"Edit",
        "leaf":true
    },{
        "text":"Submission",
        "id":"Submission",
        "leaf":true
    },{
        "text":"Bulk Upload File",
        "id":"Bulk-Upload",
        "leaf":true
    }
	
	]}

]
}