{
"data":[
{
"sno":1,
"fileType":"Scheme Configuration",
"fileName":"<font color='red'>&lt; Circle &gt;_&lt;Any-Text&gt;</font><font color='blue'>_SCM_CONFIG_</font><font color='red'>&lt;Month Acronym&gt;_&lt;ddmmyyyy&gt;</font>.xls",
"example":"MU_Distributor_SCM_CONFIG_JUN_18062015.xls"
},
{
"sno":2,
"fileType":"Additional Attribute",
"fileName":"<font color='red'>&lt; Circle &gt;_&lt;Any-Text&gt;</font><font color='blue'>_ADD_ATTR_</font><font color='red'>&lt;Month Acronym&gt;_&lt;ddmmyyyy&gt;</font>.csv",
"example":"MU_Retailer_ADD_ATTR_JUN_18062015.csv"
},
{
"sno":3,
"fileType":"Circle specific Performance Parameter : Activation Universe",
"fileName":"<font color='red'>&lt; Circle &gt;_&lt;Any-Text&gt;</font><font color='blue'>_ADD_ACT_UNI_</font><font color='red'>&lt;Month Acronym&gt;_&lt;ddmmyyyy&gt;</font>.csv",
"example":"MU_PerfParam_ADD_ACT_UNI_JUN_18062015.csv"
},
{
"sno":4,
"fileType":"Circle specific Performance Parameter : Distributor Universe",
"fileName":"<font color='red'>&lt; Circle &gt;_&lt;Any-Text&gt;</font><font color='blue'>_ADD_DIST_UNI_</font><font color='red'>&lt;Month Acronym&gt;_&lt;ddmmyyyy&gt;</font>.csv",
"example":"MU_PerfParam_ADD_DIST_UNI_JUN_18062015.csv"
},
{
"sno":5,
"fileType":"Circle specific Performance Parameter : Retailer Universe",
"fileName":"<font color='red'>&lt; Circle &gt;_&lt;Any-Text&gt;</font><font color='blue'>_ADD_RET_UNI_</font><font color='red'>&lt;Month Acronym&gt;_&lt;ddmmyyyy&gt;</font>.csv",
"example":"MU_PerfParam_ADD_RET_UNI_JUN_18062015.csv"
},
{
"sno":6,
"fileType":"Circle specific Performance Parameter : DSE Universe",
"fileName":"<font color='red'>&lt; Circle &gt;_&lt;Any-Text&gt;</font><font color='blue'>_ADD_DSE_UNI_</font><font color='red'>&lt;Month Acronym&gt;_&lt;ddmmyyyy&gt;</font>.csv",
"example":"MU_PerfParam_ADD_DSE_UNI_JUN_18062015.csv"
},
{
"sno":7,
"fileType":"Entity List",
"fileName":"<font color='red'>&lt; Circle &gt;_&lt;Entity Type&gt;</font><font color='blue'>_ENTITY-LIST_</font><font color='red'>&lt;Month Acronym&gt;_&lt;ddmmyyyy&gt;</font>.csv",
"example":"MU_Retailer_ENTITY-LIST_JUN_18062015.csv"
},
{
"sno":8,
"fileType":"Manual Payout",
"fileName":"<font color='red'>&lt; Circle &gt;_&lt;Any-Text&gt;</font><font color='blue'>_MANUAL-PAYOUT_</font><font color='red'>&lt;Month Acronym&gt;_&lt;ddmmyyyy&gt;</font>.csv",
"example":"MU_Dist-Point_MANUAL-PAYOUT_JUN_18062015.csv"
},
{
"sno":9,
"fileType":"NFA Document",
"fileName":"<font color='red'>&lt; Circle &gt;_&lt;yyyymm&gt;_&lt;Any-Text&gt;.&ltextension&gt;</font>",
"example":"MU_201609_SchemeNFA.&lt;extension&gt;"
},
{
"sno":10,
"fileType":"Mail List",
"fileName":"<font color='red'>&lt; Circle &gt;_&lt;Any-Text&gt;</font><font color='blue'>_EMAIL_LIST_</font><font color='red'>&lt;Month Acronym(MMM)&gt;_&lt;ddmmyyyy&gt;</font>.csv",
"example":"MU_mailfile_EMAIL_LIST_AUG_01082016.csv"
}

]
}