{ 
"text": ".",
"children": [{
    "text":"Configuration",
    "expanded": false,
    "children":[	{
        "text":"Create",
        "id":"Create",
        "leaf":true
    },{
        "text":"View",
        "id":"View",
        "leaf":true
    },{
        "text":"Edit",
        "id":"Edit",
        "leaf":true
    },{
        "text":"Submission",
        "id":"Submission",
        "leaf":true
    },{
        "text":"Bulk Upload File",
        "id":"Bulk-Upload",
        "leaf":true
    }
	
	]},
	
	{
    "text":"Approval",
    "expanded": false,
    "children":[	
		{
        "text":"Scheme Approval",
        "id":"Scheme-Approval",
        "leaf":true
    },{
        "text":"Payout Approval",
        "id":"Payout-Approval",
        "leaf":true
    },{
        "text":"Execution Calender",
        "id":"Execution-Calander",
        "leaf":true
    },{
        "text":"Payment",
        "id":"Payment",
        "leaf":true
    }]
	}
,{
    "text":"Reports",
    "expanded": false,
    "children":[	
	{
        "text":"StmtGen",
        "id":"StmtGen",
        "leaf":true
    },
	{
        "text":"Transaction Data",
        "id":"transPanel",
        "leaf":true
    }
	]
}

]}